{"MFCC_0_mean": {"mean": [-262.3165280339506], "scale": [51.33313739465687]}, "MFCC_0_kurtosis": {"mean": [-0.3536586819407332], "scale": [0.838042517672873]}, "MFCC_0_skew": {"mean": [-0.25605658492323163], "scale": [0.5311589448031745]}, "MFCC_1_mean": {"mean": [101.54627984567901], "scale": [19.618976907954174]}, "MFCC_1_kurtosis": {"mean": [-0.27209480444151707], "scale": [0.9035789736850891]}, "MFCC_1_skew": {"mean": [-0.10939955891780828], "scale": [0.5697334036421059]}, "MFCC_2_mean": {"mean": [13.711590837716049], "scale": [22.37541961457432]}, "MFCC_2_kurtosis": {"mean": [-0.6474312569881246], "scale": [0.6982382635133577]}, "MFCC_2_skew": {"mean": [0.08810522990294088], "scale": [0.48802736857666945]}, "MFCC_3_mean": {"mean": [15.565363543950617], "scale": [15.890640923419545]}, "MFCC_3_kurtosis": {"mean": [-0.32855579801585777], "scale": [0.8931748751696358]}, "MFCC_3_skew": {"mean": [-0.2576617258213099], "scale": [0.5301324454132174]}, "MFCC_4_mean": {"mean": [-20.71782104466821], "scale": [14.746337149202326]}, "MFCC_4_kurtosis": {"mean": [-0.4833103816647626], "scale": [0.7525200544948405]}, "MFCC_4_skew": {"mean": [-0.1341704640780709], "scale": [0.539617268575564]}, "MFCC_5_mean": {"mean": [-4.824626312675926], "scale": [12.839923144220812]}, "MFCC_5_kurtosis": {"mean": [-0.4535974653544747], "scale": [0.736043745290453]}, "MFCC_5_skew": {"mean": [-0.07402194556524411], "scale": [0.4933800911893837]}, "MFCC_6_mean": {"mean": [-15.15652076593827], "scale": [11.144110596126565]}, "MFCC_6_kurtosis": {"mean": [-0.500442006745323], "scale": [0.7225464653323533]}, "MFCC_6_skew": {"mean": [-0.02297653769080666], "scale": [0.49149255686886706]}, "MFCC_7_mean": {"mean": [-5.244244672371914], "scale": [10.642492099046239]}, "MFCC_7_kurtosis": {"mean": [-0.4652522760836094], "scale": [0.6985537106216293]}, "MFCC_7_skew": {"mean": [0.02821139366417901], "scale": [0.4854751874413013]}, "MFCC_8_mean": {"mean": [-8.507487310580247], "scale": [10.334826359198537]}, "MFCC_8_kurtosis": {"mean": [-0.40614865028182834], "scale": [0.7276300866457752]}, "MFCC_8_skew": {"mean": [0.06819158291990653], "scale": [0.4794727610715651]}, "MFCC_9_mean": {"mean": [-2.244541882714506], "scale": [8.23435345769822]}, "MFCC_9_kurtosis": {"mean": [-0.3575788073929812], "scale": [0.7412981813495658]}, "MFCC_9_skew": {"mean": [-0.03063511457014537], "scale": [0.48947645425874947]}, "MFCC_10_mean": {"mean": [-6.3624572794879635], "scale": [9.496397548782433]}, "MFCC_10_kurtosis": {"mean": [-0.39208824797346203], "scale": [0.7226349916536081]}, "MFCC_10_skew": {"mean": [0.022192382528771433], "scale": [0.45344585167429674]}, "MFCC_11_mean": {"mean": [-2.8259962590046297], "scale": [8.765641028831705]}, "MFCC_11_kurtosis": {"mean": [-0.37064474936450686], "scale": [0.741695785955597]}, "MFCC_11_skew": {"mean": [-0.0613724018063191], "scale": [0.4865846682107696]}, "MFCC_12_mean": {"mean": [-8.45420997048457], "scale": [6.74077491480682]}, "MFCC_12_kurtosis": {"mean": [-0.3743698062587301], "scale": [0.701190749450064]}, "MFCC_12_skew": {"mean": [0.07979335212887317], "scale": [0.44812580623351345]}}